{
  "model": "llama3.1:8b",
  "n_prompts": 30,
  "n_clusters": 3,
  "accuracy": 0.5666666666666667,
  "std": 0.08164965809277258,
  "random_baseline": 0.3333333333333333,
  "cluster_distribution": [
    6,
    17,
    7
  ]
}